Book Id,Title,Author,Author l-f,Additional Authors,ISBN,ISBN13,My Rating,Average Rating,Publisher,Binding,Number of Pages,Year Published,Original Publication Year,Date Read,Date Added,Bookshelves,Bookshelves with positions,Exclusive Shelf,My Review,Spoiler,Private Notes,Read Count,Owned Copies
9408584,"An Offer From a Gentleman (Bridgertons, #3)",Julia Quinn,"Quinn, Julia",,"=""""","=""""",3,3.94,Avon,Paperback,390,2009,2001,2024/09/12,2024/09/05,,,read,,,,1,0
110391,"The Duke and I (Bridgertons, #1)",Julia Quinn,"Quinn, Julia",,"=""0380800829""","=""9780380800827""",3,3.79,Avon Books,Mass Market Paperback,384,2006,2000,2024/08/31,2024/09/02,,,read,,,,1,0
861326,"The Viscount Who Loved Me (Bridgertons, #2)",Julia Quinn,"Quinn, Julia",,"=""""","=""""",3,4.00,Avon,Mass Market Paperback,354,2006,2000,2024/09/03,2024/09/02,,,read,,,,1,0
40648264,El hombre de tiza,C.J. Tudor,"Tudor, C.J.",,"=""607316646X""","=""9786073166461""",3,3.70,Plaza & Janes,Paperback,352,2018,2018,2024/08/02,2024/08/21,,,read,,,,1,0
68427,"Elantris (Elantris, #1)",Brandon Sanderson,"Sanderson, Brandon",,"=""0765350378""","=""9780765350374""",5,4.18,Tor Fantasy,Mass Market Paperback,638,2006,2005,2024/07/26,2024/08/21,,,read,,,,1,0
61326735,"Love, Theoretically",Ali Hazelwood,"Hazelwood, Ali",,"=""1408725797""","=""9781408725795""",3,4.10,Little Brown Books,Paperback,389,2023,2023,2024/07/16,2024/07/16,,,read,,,,1,0
56918758,"Promesa de sangre (Magos de la pólvora, #1)",Brian  McClellan,"McClellan, Brian",Federico Cristante,"=""8412299221""","=""9788412299229""",5,4.14,Gamon,Hardcover,564,2021,2013,2024/07/14,2024/07/05,,,read,,,,1,0
56732449,The Love Hypothesis,Ali Hazelwood,"Hazelwood, Ali",,"=""0593336828""","=""9780593336823""",3,4.14,Berkley Books,Paperback,383,2021,2021,2024/07/04,2024/07/02,,,read,,,,1,0
2947273,A sangre fría,Truman Capote,"Capote, Truman",Jesús Zulaika Goicoechea,"=""""","=""""",3,4.09,Editorial Anagrama,Mass Market Paperback,440,2006,1959,2024/07/02,2024/06/27,,,read,,,,1,0
11564,The Girl Who Loved Tom Gordon,Stephen         King,"King, Stephen",,"=""1416524290""","=""9781416524298""",0,3.63,Pocket,Paperback,264,2000,1999,,2024/07/03,to-read,to-read (#47),to-read,,,,0,0
6026313,Fortaleza Digital,Dan       Brown,"Brown, Dan",Mário Dias Correia,"=""9722514695""","=""9789722514699""",2,3.70,Bertrand Editora,Paperback,447,2006,1998,,2018/10/05,,,read,,,,1,0
45047384,"The House in the Cerulean Sea (Cerulean Chronicles, #1)",T.J. Klune,"Klune, T.J.",,"=""""","=""""",2,4.40,Tor Books,Kindle Edition,394,2020,2020,2024/06/27,2024/06/21,,,read,,,,1,0
60531416,Yumi and the Nightmare Painter,Brandon Sanderson,"Sanderson, Brandon",Aliya Chen,"=""1938570375""","=""9781938570377""",5,4.48,Dragonsteel Entertainment,Hardcover,480,2023,2023,2024/06/20,2024/05/06,,,read,,,,1,0
18007564,The Martian,Andy Weir,"Weir, Andy",,"=""0804139024""","=""9780804139021""",5,4.42,Ballantine Books,Hardcover,384,2014,2011,2024/05/04,2020/01/09,,,read,,,,1,0
818018,"Ángeles y demonios (Robert Langdon, #1)",Dan       Brown,"Brown, Dan",Eduardo G. Murillo,"=""8495618710""","=""9788495618719""",1,3.94,Umbriel,Paperback,610,2004,2000,2024/04/26,2024/04/04,,,read,,,,1,0
222947,"La comunidad del anillo (El señor de los anillos, #1)",J.R.R. Tolkien,"Tolkien, J.R.R.",Luis Domènech,"=""8445071408""","=""9788445071403""",4,4.39,Minotauro,Paperback,560,1991,1954,2024/04/04,2024/03/21,,,read,,,,1,0
227221,El Hobbit,J.R.R. Tolkien,"Tolkien, J.R.R.",,"=""9505470630""","=""9789505470631""",4,4.29,Distal S R L,Paperback,310,2001,1937,2024/03/21,2024/03/16,,,read,,,,1,0
22060147,El conde de Montecristo,Alexandre Dumas,"Dumas, Alexandre",,"=""""","=""""",0,4.30,Editorial Hansben,Kindle Edition,1332,2012,1844,,2021/11/16,to-read,to-read (#46),to-read,,,,0,0
63079845,Never Finished: Unshackle Your Mind and Win the War Within,David Goggins,"Goggins, David",,"=""154453406X""","=""9781544534060""",0,4.44,Lioncrest Publishing,Kindle Edition,312,2022,2022,,2023/12/10,to-read,to-read (#45),to-read,,,,0,0
58862183,El quinto sol. Una historia diferente de los aztecas,Camilla Townsend,"Townsend, Camilla",Mario Zamudio Vega,"=""6079909928""","=""9786079909925""",0,4.10,Grano de Sal - Universidad Veracruzana,Paperback,365,2021,2019,,2024/03/15,currently-reading,currently-reading (#1),currently-reading,,,,1,0
75509306,Trenza del mar esmeralda,Brandon Sanderson,"Sanderson, Brandon","Manu Viciano, Howard Lyon","=""8418037814""","=""9788418037818""",5,4.39,Nova CF,Hardcover,560,2023,2023,2024/03/15,2024/03/07,,,read,,,,1,0
54511226,"Dawnshard (The Stormlight Archive, #3.5)",Brandon Sanderson,"Sanderson, Brandon",,"=""193857026X""","=""""",4,4.42,Dragonsteel Entertainment,Kindle Edition,171,2020,2020,2022/07/25,2022/07/20,,,read,,,,1,0
40604658,"Jurassic Park (Jurassic Park, #1)",Michael Crichton,"Crichton, Michael",,"=""0307763056""","=""9780307763051""",4,4.11,Ballantine Books,Kindle Edition,466,2012,1990,2021/02/26,2020/01/09,,,read,,,,1,0
22022744,"Yo antes de ti (Yo antes de ti, #1)",Jojo Moyes,"Moyes, Jojo",,"=""8483655934""","=""9788483655931""",5,4.26,Suma de letras,Paperback,496,2014,2012,2024/03/07,2024/03/07,,,read,,,,1,0
36696699,Cadáver exquisito,Agustina Bazterrica,"Bazterrica, Agustina",,"=""9870737943""","=""9789870737940""",2,3.79,Alfaguara,Paperback,249,2017,2017,2024/03/02,2024/01/23,,,read,,,,1,0
7235533,"The Way of Kings (The Stormlight Archive, #1)",Brandon Sanderson,"Sanderson, Brandon",,"=""0765326353""","=""9780765326355""",5,4.66,Tor Books,Hardcover,1007,2010,2010,2022/06/14,2022/05/31,,,read,,,,1,0
29496076,Killers of the Flower Moon: The Osage Murders and the Birth of the FBI,David Grann,"Grann, David",,"=""0385534256""","=""9780385534253""",5,4.14,Doubleday,ebook,359,2017,2017,2023/11/28,2023/11/19,,,read,,,,1,0
17061,Coraline,Neil Gaiman,"Gaiman, Neil",Dave McKean,"=""0061139378""","=""9780061139376""",5,4.12,William Morrow Paperbacks,Paperback,176,2006,2002,2023/11/18,2023/11/15,,,read,,,,1,0
13601768,El ritual,Adam L.G. Nevill,"Nevill, Adam L.G.",,"=""8445000160""","=""9788445000168""",4,3.59,Minotauro,Paperback,416,2012,2011,2023/11/15,2023/10/23,,,read,,,,1,0
59123,Señorita México,Enrique Serna,"Serna, Enrique",,"=""9703703747""","=""9789703703746""",3,3.75,Planeta Publishing,Paperback,180,2005,2000,2023/10/22,2023/10/11,,,read,,,,1,0
11588,"The Shining (The Shining, #1)",Stephen         King,"King, Stephen",,"=""0450040186""","=""9780450040184""",3,4.27,New English Library (Hodder & Stoughton) ,Paperback,497,1980,1977,2023/10/11,2020/01/08,,,read,,,,1,0
3284191,El viejo y el mar,Ernest Hemingway,"Hemingway, Ernest",,"=""9586140873""","=""9789586140874""",2,3.80,Planeta ,Paperback,147,1985,1952,2023/09/28,2023/09/25,,,read,"I didn't really liked the book, I don't think it's a bad book; it's just not for me. I've been reading some reviews and it may be a lack of experience on my behalf.",,,1,0
52061530,Los siete maridos de Evelyn Hugo,Taylor Jenkins Reid,"Reid, Taylor Jenkins",Nora Escoms,"=""8416517274""","=""9788416517275""",5,4.41,Umbriel,Paperback,384,2020,2017,2023/09/26,2023/09/15,,,read,,,,1,0
6404106,La sociedad literaria y el pastel de piel de patata de Guernsey,Mary Ann Shaffer,"Shaffer, Mary Ann","Annie Barrows, Sandra Campos","=""849867395X""","=""9788498673951""",5,4.19,RBA Libros,Paperback,304,2009,2008,2023/09/22,2023/09/18,,,read,,,,1,0
7672,Congo,Michael Crichton,"Crichton, Michael",,"=""0060541830""","=""9780060541835""",0,3.63,Avon,Paperback,480,2003,1980,,2023/09/18,to-read,to-read (#44),to-read,,,,0,0
58065033,Lessons in Chemistry,Bonnie Garmus,"Garmus, Bonnie",,"=""""","=""""",0,4.29,Doubleday Books,Hardcover,390,2022,2022,,2023/09/18,to-read,to-read (#43),to-read,,,,0,0
24237950,Las aventuras de Tom Sawyer,Mark Twain,"Twain, Mark",,"=""""","=""""",4,3.92,,Kindle Edition,200,2011,1876,2023/09/18,2023/09/14,,,read,,,,1,0
25213356,El murmullo de las abejas,Sofía Segovia,"Segovia, Sofía",,"=""6073126034""","=""""",0,4.23,Lumen,Kindle Edition,388,2015,2015,,2023/09/15,to-read,to-read (#42),to-read,,,,0,0
37822162,El chico que dibujaba constelaciones,Alice Kellen,"Kellen, Alice",,"=""""","=""""",0,4.34,,Hardcover,245,2018,2018,,2023/09/15,to-read,to-read (#41),to-read,,,,0,0
47668,Ensayo sobre la ceguera,José Saramago,"Saramago, José",,"=""9707311150""","=""9789707311152""",0,4.17,Punto de Lectura,Paperback,329,2006,1995,,2023/09/15,to-read,to-read (#40),to-read,,,,0,0
514150,El fantasma de Canterville,Oscar Wilde,"Wilde, Oscar",,"=""8497644581""","=""9788497644587""",3,3.79,Edimat Libros,Mass Market Paperback,184,2005,,,2023/09/15,,,read,,,,1,0
16097947,Las dos después de medianoche,Stephen         King,"King, Stephen",,"=""8499086306""","=""9788499086309""",5,3.81,Debolsillo,Paperback,528,2010,1990,2023/09/14,2023/09/12,,,read,,,,1,0
6320534,Under the Dome,Stephen         King,"King, Stephen",,"=""1439148503""","=""9781439148501""",0,3.92,Scribner,Hardcover,1074,2009,2009,,2023/09/13,to-read,to-read (#39),to-read,,,,0,0
17660,The Tommyknockers,Stephen         King,"King, Stephen",,"=""""","=""""",0,3.60,Signet,Mass Market Paperback,747,1993,1987,,2023/09/13,to-read,to-read (#38),to-read,,,,0,0
18775247,"Mr. Mercedes (Bill Hodges Trilogy, #1)",Stephen         King,"King, Stephen",,"=""1476754454""","=""9781476754451""",4,4.02,Scribner,Hardcover,437,2014,2014,2023/09/09,2023/07/04,,,read,,,,1,0
5000247,El informe pelícano,John Grisham,"Grisham, John",,"=""0307392503""","=""9780307392503""",0,4.05,Debolsillo,Paperback,360,2008,1992,,2023/07/21,to-read,to-read (#37),to-read,,,,0,0
1981412,Macario,B. Traven,"Traven, B.",,"=""9684030150""","=""9789684030152""",5,4.20,Selector S.A. De C.V.,Paperback,112,1997,1950,2023/07/04,2023/07/04,,,read,,,,1,0
23947089,"The Lost Metal (Mistborn, #7)",Brandon Sanderson,"Sanderson, Brandon",,"=""0765391198""","=""9780765391193""",4,4.48,Tor Books,Hardcover,507,2022,2022,2023/06/25,2023/06/25,,,read,,,,1,0
57658,The Treasure of the Sierra Madre,B. Traven,"Traven, B.",Okay Gönensin,"=""0809001608""","=""9780809001606""",4,4.10,Hill and Wang,Paperback,308,1984,1935,2023/07/04,2023/06/25,,,read,,,,1,0
370523,Cien años de soledad,Gabriel García Márquez,"Márquez, Gabriel García",,"=""8420471836""","=""9788420471839""",0,4.12,Alfaguara,Hardcover,609,2007,1967,,2020/12/01,to-read,to-read (#36),to-read,,,,0,0
24935747,Maleficio,Richard Bachman,"Bachman, Richard",Stephen         King,"=""""","=""""",3,3.77,Sudamericana,Paperback,358,2010,1984,2023/01/23,2022/10/31,,,read,,,,1,0
550844,Cycle of the Werewolf,Stephen         King,"King, Stephen",Bernie Wrightson,"=""0451822196""","=""9780451822192""",3,3.66,Signet Books,Paperback,128,1985,1983,2021/12/10,2021/11/22,,,read,,,,1,0
10603,Cujo,Stephen         King,"King, Stephen",,"=""0307348245""","=""9780307348241""",4,3.79,Debolsillo,Mass Market Paperback,432,2006,1981,2022/10/27,2020/01/08,,,read,,,,1,0
1885,Pride and Prejudice,Jane Austen,"Austen, Jane",Anna Quindlen,"=""""","=""""",4,4.29,Modern Library,Paperback,279,2000,1813,2022/10/17,2021/11/19,,,read,,,,1,0
49021976,"Rhythm of War (The Stormlight Archive, #4)",Brandon Sanderson,"Sanderson, Brandon",,"=""0765326388""","=""9780765326386""",5,4.62,Tor Books,Hardcover,1219,2020,2020,2022/09/29,2022/08/01,,,read,,,,1,0
28698036,"Secret History (Mistborn, #3.5)",Brandon Sanderson,"Sanderson, Brandon",,"=""""","=""""",4,4.34,"Dragonsteel, LLC",Kindle Edition,160,2016,2016,2022/07/20,2022/07/17,,,read,,,,1,0
34002132,"Oathbringer (The Stormlight Archive, #3)",Brandon Sanderson,"Sanderson, Brandon",,"=""076532637X""","=""9780765326379""",5,4.62,Tor Books,Hardcover,1243,2017,2017,2022/07/17,2022/07/01,,,read,,,,1,0
34703445,"Edgedancer (The Stormlight Archive, #2.5)",Brandon Sanderson,"Sanderson, Brandon",,"=""1250166543""","=""9781250166548""",3,4.19,Tor Books,Hardcover,272,2017,2016,2022/07/01,2022/06/29,,,read,,,,1,0
22823333,"The Eleventh Metal (Mistborn, #0.5)",Brandon Sanderson,"Sanderson, Brandon",,"=""""","=""""",4,3.74,Crafty Games,ebook,21,2012,2012,2022/06/29,2022/06/29,,,read,,,,1,0
17332218,"Words of Radiance (The Stormlight Archive, #2)",Brandon Sanderson,"Sanderson, Brandon",,"=""0765326361""","=""9780765326362""",5,4.76,Tor Books,Hardcover,1087,2014,2014,2022/06/28,2022/06/18,,,read,,,,1,0
41078093,Tormenta de espadas (Canción de hielo y fuego),George R.R. Martin,"Martin, George R.R.",,"=""9877251574""","=""9789877251579""",5,4.54,DEBOLS!LLO,Paperback,0,2014,2000,2020/02/21,2020/01/08,,,read,,,,1,0
44646576,"Bird Box (Bird Box, #1)",Josh Malerman,"Malerman, Josh",,"=""0062259652""","=""9780062259653""",0,4.04,Ecco,Hardcover,272,2014,2014,,2022/06/08,to-read,to-read (#35),to-read,,,,0,0
18739426,"The Bands of Mourning (Mistborn, #6)",Brandon Sanderson,"Sanderson, Brandon",,"=""""","=""""",4,4.41,Tor,Kindle Edition,448,2016,2016,2022/05/29,2022/05/19,,,read,,,,1,0
16065004,"Shadows of Self (Mistborn, #5)",Brandon Sanderson,"Sanderson, Brandon",,"=""0765378558""","=""9780765378552""",5,4.28,Tor Books,Hardcover,383,2015,2015,2022/05/18,2022/05/09,,,read,,,,1,0
10803121,"The Alloy of Law (Mistborn, #4)",Brandon Sanderson,"Sanderson, Brandon",,"=""0765330423""","=""9780765330420""",5,4.20,Tor Books,Hardcover,332,2011,2011,2022/05/09,2022/05/03,,,read,,,,1,0
49712696,El misterio de Salem's Lot,Stephen         King,"King, Stephen",,"=""8466347623""","=""9788466347624""",5,4.10,Debolsillo,Paperback,526,2019,1975,2022/05/02,2022/04/27,,,read,,,,1,0
102868,"A Study in Scarlet (Sherlock Holmes, #1)",Arthur Conan Doyle,"Doyle, Arthur Conan",,"=""1420925539""","=""9781420925531""",3,4.14,Digireads.com,Paperback,123,2005,1887,2022/04/27,2018/10/05,,,read,,,,1,0
60770695,LA SOMBRA DE MIZTLÁN (Spanish Edition),Jesús Escudero,"Escudero, Jesús",,"=""""","=""""",3,3.76,,Kindle Edition,185,2022,,2022/04/14,2022/04/12,,,read,,,,1,0
53152636,Mexican Gothic,Silvia Moreno-Garcia,"Moreno-Garcia, Silvia",,"=""""","=""""",4,3.67,Del Rey,Hardcover,320,2020,2020,2022/04/24,2021/01/23,,,read,,,,1,0
17819467,"The Juliette Society (The Juliette Society, #1)",Sasha Grey,"Grey, Sasha",,"=""0751551589""","=""9780751551587""",1,2.36,Sphere,Paperback,372,2013,2013,2022/04/12,2022/04/09,,,read,,,,1,0
52036,Siddhartha,Hermann Hesse,"Hesse, Hermann","Hilda Rosner, Zigmantas Ardickas","=""""","=""""",4,4.07,Bantam Books,Mass Market Paperback,152,1981,1922,2022/04/09,2021/11/22,,,read,,,,1,0
33124137,Pet Sematary,Stephen         King,"King, Stephen",,"=""""","=""""",5,4.07,Scribner,Kindle Edition,580,2014,1983,2022/02/01,2020/01/08,,,read,,,,1,0
54303987,The Drowning Kind,Jennifer  McMahon,"McMahon, Jennifer",,"=""198215392X""","=""9781982153922""",0,3.82,Gallery/Scout Press,Hardcover,319,2021,2021,,2021/12/18,to-read,to-read (#34),to-read,,,,0,0
43763,"Interview with the Vampire (The Vampire Chronicles, #1)",Anne Rice,"Rice, Anne",,"=""0345476875""","=""9780345476876""",0,4.02,Ballantine Books,Paperback,346,2004,1976,,2021/12/12,to-read,to-read (#33),to-read,,,,0,0
36642458,"Skyward (Skyward, #1)",Brandon Sanderson,"Sanderson, Brandon",,"=""1473217857""","=""9781473217850""",0,4.48,Gollancz,Hardcover,513,2018,2018,,2021/12/11,to-read,to-read (#32),to-read,,,,0,0
49392,"El psicoanalista (El psicoanalista, #1)",John Katzenbach,"Katzenbach, John",Laura Paredes,"=""8496546489""","=""9788496546486""",2,4.12,Ediciones B,Paperback,528,2006,2002,2021/12/10,2021/12/01,,,read,,,,1,0
8322565,"Sinsajo (Los juegos del hambre, #3)",Suzanne Collins,"Collins, Suzanne",Pilar Ramírez Tello,"=""8427200382""","=""9788427200388""",4,4.09,Molino,Paperback,422,2010,2010,2021/11/24,2021/11/21,,,read,,,,1,0
49552,The Stranger,Albert Camus,"Camus, Albert",Matthew  Ward,"=""""","=""""",0,4.03,Vintage International,Paperback,123,1989,1942,,2021/11/22,to-read,to-read (#31),to-read,,,,0,0
6267163,El fin de la infancia,Arthur C. Clarke,"Clarke, Arthur C.",,"=""8445070223""","=""9788445070222""",0,4.12,Ediciones Minotauro,Paperback,238,2000,1953,,2021/11/22,to-read,to-read (#30),to-read,,,,0,0
31360,"Children of the Mind (Ender's Saga, #4)",Orson Scott Card,"Card, Orson Scott",,"=""0765304740""","=""9780765304742""",0,3.78,Tor Books,Paperback,370,2002,1996,,2021/11/22,to-read,to-read (#29),to-read,,,,0,0
8648,"Xenocide (Ender's Saga, #3)",Orson Scott Card,"Card, Orson Scott",,"=""0312861877""","=""9780312861872""",0,3.81,Tor Books,Mass Market Paperback,592,1996,1991,,2021/11/22,to-read,to-read (#28),to-read,,,,0,0
7967,"Speaker for the Dead (Ender's Saga, #2)",Orson Scott Card,"Card, Orson Scott",,"=""0812550757""","=""9780812550757""",0,4.10,Tor Books,Paperback,382,1994,1986,,2021/11/22,to-read,to-read (#27),to-read,,,,0,0
375802,"Ender’s Game (Ender's Saga, #1)",Orson Scott Card,"Card, Orson Scott",,"=""0812550706""","=""9780812550702""",0,4.31,Tor,Mass Market Paperback,324,2004,1985,,2021/11/22,to-read,to-read (#26),to-read,,,,0,0
77566,"Hyperion (Hyperion Cantos, #1)",Dan Simmons,"Simmons, Dan",,"=""0553283685""","=""9780553283686""",0,4.27,Bantam Doubleday Dell Publishing Group,Mass Market Paperback,500,1990,1989,,2021/11/22,to-read,to-read (#25),to-read,,,,0,0
7776692,"En llamas (Los juegos del hambre, #2)",Suzanne Collins,"Collins, Suzanne",Pilar Ramírez Tello,"=""""","=""""",4,4.33,Molino,Paperback,407,2010,2009,2021/11/20,2021/11/16,,,read,,,,1,0
34523174,"Into the Drowning Deep (Rolling in the Deep, #1)",Mira Grant,"Grant, Mira",,"=""0316379409""","=""9780316379403""",0,3.96,Orbit,Hardcover,448,2017,2017,,2021/11/20,to-read,to-read (#24),to-read,,,,0,0
17245,Dracula,Bram Stoker,"Stoker, Bram","Rubén Toledo, Nina Auerbach, David J. Skal","=""0393970124""","=""9780393970128""",0,4.02,Norton,Paperback,488,1986,1897,,2021/11/19,to-read,to-read (#23),to-read,,,,0,0
7604,Lolita,Vladimir Nabokov,"Nabokov, Vladimir",Craig Raine,"=""""","=""""",0,3.88,Penguin,Paperback,368,1995,1955,,2021/11/19,to-read,to-read (#22),to-read,,,,0,0
6596839,"Los juegos del hambre (Los juegos del hambre, #1)",Suzanne Collins,"Collins, Suzanne",,"=""""","=""""",3,4.34,Molino ,Paperback,396,2009,2008,2021/11/16,2021/11/15,,,read,,,,1,0
56268973,These Silent Woods,Kimi Cunningham Grant,"Grant, Kimi Cunningham",,"=""1250793394""","=""9781250793393""",0,4.06,Minotaur Books,Hardcover,288,2021,2021,,2021/11/16,to-read,to-read (#21),to-read,,,,0,0
44767458,"Dune (Dune, #1)",Frank Herbert,"Herbert, Frank",,"=""059309932X""","=""9780593099322""",0,4.28,Ace,Hardcover,658,2019,1965,,2021/11/14,to-read,to-read (#20),to-read,,,,0,0
7935023,"El héroe de las eras (Nacidos de la bruma, #3)",Brandon Sanderson,"Sanderson, Brandon",,"=""8466643826""","=""9788466643825""",5,4.54,Ediciones B,Paperback,768,2010,2008,2021/11/14,2021/11/09,,,read,,,,1,0
500400,El amor en los tiempos del cólera,Gabriel García Márquez,"Márquez, Gabriel García",,"=""0307387267""","=""9780307387264""",4,3.94,Vintage Español,Paperback,461,2003,1985,2020/11/26,2020/11/17,,,read,,,,1,0
6568801,"El pozo de la ascensión (Nacidos de la bruma, #2)",Brandon Sanderson,"Sanderson, Brandon",Rafael Marín Trechera,"=""8466637834""","=""9788466637831""",5,4.38,EDB FICCION,Paperback,800,2009,2007,2021/11/08,2021/11/08,,,read,,,,1,0
232768,"El dragón rojo (Hannibal Lecter, #1)",Thomas  Harris,"Harris, Thomas",Elisa Lopez Bullrich,"=""0307344681""","=""9780307344687""",3,4.06,DEBOLS!LLO,Paperback,416,2005,1981,2021/07/29,2021/07/28,,,read,,,,1,0
34847511,Temporada de huracanes,Fernanda Melchor,"Melchor, Fernanda",,"=""6073152736""","=""9786073152730""",4,4.06,Penguin Random House Grupo Editorial,Paperback,224,2017,2017,2021/05/17,2020/12/01,,,read,,,,1,0
521410,El exorcista,William Peter Blatty,"Blatty, William Peter",,"=""8466617566""","=""9788466617567""",4,4.20,BOLSILLO BYBLOS,Paperback,416,2005,1971,2021/03/28,2021/03/27,,,read,,,,1,0
68428,"The Final Empire (Mistborn, #1)",Brandon Sanderson,"Sanderson, Brandon",,"=""""","=""9780765311788""",5,4.48,Tor Books,Hardcover,541,2006,2006,2021/03/25,2021/03/24,,,read,,,,1,0
53287484,"Midnight Sun (The Twilight Saga, #5)",Stephenie Meyer,"Meyer, Stephenie",,"=""031670704X""","=""9780316707046""",3,3.73,"Little, Brown Books for Young Readers",Hardcover,756,2020,2020,2021/02/06,2021/01/31,,,read,,,,1,0
22628,The Perks of Being a Wallflower,Stephen Chbosky,"Chbosky, Stephen",,"=""""","=""""",3,4.23,MTV Books/Pocket Books,Paperback,213,1999,1999,,2021/02/06,,,read,,,,1,0
7937462,"The Short Second Life of Bree Tanner (The Twilight Saga, #3.5)",Stephenie Meyer,"Meyer, Stephenie",,"=""031612558X""","=""9780316125581""",3,3.52,"Little, Brown and Company",Hardcover,178,2010,2009,2021/01/31,2021/01/31,,,read,,,,1,0
1162543,"Breaking Dawn (The Twilight Saga, #4)",Stephenie Meyer,"Meyer, Stephenie",,"=""031606792X""","=""9780316067928""",1,3.74,"Little, Brown and Company",Hardcover,756,2008,2008,2021/01/28,2021/01/24,,,read,,,,1,0
428263,"Eclipse (The Twilight Saga, #3)",Stephenie Meyer,"Meyer, Stephenie",,"=""0316160202""","=""9780316160209""",2,3.73,"Little, Brown and Company",Hardcover,629,2007,2007,2021/01/23,2021/01/22,,,read,,,,1,0
49041,"New Moon (The Twilight Saga, #2)",Stephenie Meyer,"Meyer, Stephenie",Sylke Hachmeister,"=""""","=""""",2,3.60,"Little, Brown and Company",Hardcover,563,2006,2006,2021/01/18,2021/01/15,,,read,,,,1,0
41865,"Twilight (The Twilight Saga, #1)",Stephenie Meyer,"Meyer, Stephenie",,"=""0316015849""","=""9780316015844""",2,3.66,"Little, Brown and Company",Paperback,498,2006,2005,2021/01/13,2021/01/03,,,read,,,,1,0
332613,One Flew Over the Cuckoo’s Nest,Ken Kesey,"Kesey, Ken",,"=""""","=""""",0,4.20,Signet,Mass Market Paperback,325,1963,1962,,2020/12/01,to-read,to-read (#19),to-read,,,,0,0
23878,Chronicle of a Death Foretold,Gabriel García Márquez,"Márquez, Gabriel García",Gregory Rabassa,"=""140003471X""","=""9781400034710""",0,3.97,Vintage,Paperback,120,2003,1981,,2020/12/01,to-read,to-read (#18),to-read,,,,0,0
2075382,El llano en llamas,Juan Rulfo,"Rulfo, Juan",,"=""9500718030""","=""9789500718035""",0,4.20,Sudamericana,Paperback,210,2000,1953,,2020/12/01,to-read,to-read (#17),to-read,,,,0,0
73716,Como agua para chocolate,Laura Esquivel,"Esquivel, Laura",,"=""0385721234""","=""9780385721233""",0,3.95,Vintage Español,Paperback,248,2001,1989,,2020/12/01,to-read,to-read (#16),to-read,,,,0,0
38787,Pedro Páramo,Juan Rulfo,"Rulfo, Juan","Susan Sontag, Margaret Sayers Peden","=""0802133908""","=""9780802133908""",0,4.05,Grove Press,Paperback,124,1994,1955,,2020/12/01,to-read,to-read (#15),to-read,,,,0,0
228296,"Rosemary’s Baby (Rosemary's Baby, #1)",Ira Levin,"Levin, Ira",,"=""0451194004""","=""9780451194008""",4,4.04,Signet,Hardcover,308,1997,1967,2020/12/01,2020/01/08,,,read,,,,1,0
15762322,"20,000 Leagues Under the Sea and other Classic Novels",Jules Verne,"Verne, Jules",,"=""1435141822""","=""9781435141827""",3,3.88,Fall River Press,Hardcover,739,2012,2012,2020/11/16,2020/11/17,,,read,,,,1,0
386162,"The Hitchhiker’s Guide to the Galaxy (The Hitchhiker's Guide to the Galaxy, #1)",Douglas Adams,"Adams, Douglas",,"=""""","=""""",0,4.23,Del Rey,Paperback,193,2007,1979,,2020/11/05,to-read,to-read (#14),to-read,,,,0,0
31700489,"El laberinto de los espíritus (El cementerio de los libros olvidados, #4)",Carlos Ruiz Zafón,"Zafón, Carlos Ruiz",,"=""8408163388""","=""9788408163381""",0,4.53,Planeta,Hardcover,928,2016,2016,,2020/01/08,to-read,to-read (#13),to-read,,,,0,0
13623012,"The Prisoner of Heaven (The Cemetery of Forgotten Books, #3)",Carlos Ruiz Zafón,"Zafón, Carlos Ruiz",,"=""0062206281""","=""9780062206282""",0,4.13,Harper,Hardcover,278,2012,2011,,2020/01/08,to-read,to-read (#12),to-read,,,,0,0
4912857,"The Angel's Game (The Cemetery of Forgotten Books, #2)",Carlos Ruiz Zafón,"Zafón, Carlos Ruiz",Lucia Graves,"=""0385528701""","=""9780385528702""",0,4.00,Doubleday,Hardcover,531,2009,2008,,2020/01/08,to-read,to-read (#11),to-read,,,,0,0
11298,"A Wild Sheep Chase (The Rat, #3)",Haruki Murakami,"Murakami, Haruki",Alfred Birnbaum,"=""037571894X""","=""9780375718946""",0,3.94,Knopf Doubleday Publishing Group,Paperback,353,2002,1982,,2020/01/08,to-read,to-read (#10),to-read,,,,0,0
591978,"Pinball, 1973 (The Rat, #2)",Haruki Murakami,"Murakami, Haruki",Alfred Birnbaum,"=""4061860127""","=""9784061860124""",0,3.51,Kodansha International Ltd.,Paperback,215,1980,1980,,2020/01/08,to-read,to-read (#9),to-read,,,,0,0
226973,"Hear the Wind Sing (The Rat, #1)",Haruki Murakami,"Murakami, Haruki",Alfred Birnbaum,"=""4061860267""","=""9784061860261""",0,3.57,Kodansha International Ltd.,Paperback,130,1979,1979,,2020/01/08,to-read,to-read (#8),to-read,,,,0,0
11566,The Green Mile,Stephen         King,"King, Stephen",,"=""0451933028""","=""9780451933027""",0,4.48,Penguin Signet,Paperback,592,1996,1996,,2020/01/08,to-read,to-read (#7),to-read,,,,0,0
830502,It,Stephen         King,"King, Stephen",,"=""0450411435""","=""9780450411434""",0,4.24,New English Library,Paperback,1116,1987,1986,,2020/01/08,to-read,to-read (#6),to-read,,,,0,0
23692271,Sapiens: A Brief History of Humankind,Yuval Noah Harari,"Harari, Yuval Noah",,"=""""","=""""",0,4.36,Vintage,Paperback,512,2015,2011,,2020/01/08,to-read,to-read (#5),to-read,,,,0,0
5107,The Catcher in the Rye,J.D. Salinger,"Salinger, J.D.",,"=""0316769177""","=""9780316769174""",0,3.80,Back Bay Books,Paperback,277,2001,1951,,2020/01/08,to-read,to-read (#4),to-read,,,,0,0
1934,Little Women,Louisa May Alcott,"Alcott, Louisa May","Regina Barreca, Grzegorz Komerski, Marta Fihel","=""""","=""""",0,4.16,Signet Classics,Mass Market Paperback,449,2004,1868,,2020/01/08,to-read,to-read (#3),to-read,,,,0,0
7624,Lord of the Flies,William Golding,"Golding, William",,"=""0140283331""","=""9780140283334""",0,3.69,Penguin Books ,Paperback,182,1999,1954,,2020/01/08,to-read,to-read (#2),to-read,,,,0,0
25482705,"Choque de Reyes (Canción de Hielo y Fuego, #2)",George R.R. Martin,"Martin, George R.R.",,"=""9563251962""","=""9786073128841""",5,4.42,Debolsillo,Paperback,927,2015,1998,2020/01/08,2019/05/21,2019,2019 (#3),read,,,,1,0
107159,Batman: Gotham by Gaslight,Brian Augustyn,"Augustyn, Brian","Mike Mignola, P. Craig Russell, Eduardo Barreto, Robert Bloch","=""1401211534""","=""9781401211530""",3,3.87,DC Comics,Paperback,112,2014,1989,,2019/12/03,,,read,,,,1,0
25588698,"Juego de tronos (Canción de Hielo y Fuego, #1)",George R.R. Martin,"Martin, George R.R.",,"=""6073128835""","=""9786073128834""",5,4.44,Debolsillo,Paperback,800,2015,1996,,2018/10/05,2019,2019 (#2),read,,,,2,0
6185,Wuthering Heights,Emily Brontë,"Brontë, Emily","Richard J. Dunn, Charlotte Brontë, John Bugg, Robert Heindel","=""""","=""""",0,3.89,Norton,Paperback,464,2002,1847,,2019/04/03,to-read,to-read (#1),to-read,,,,0,0
1232,"The Shadow of the Wind (The Cemetery of Forgotten Books, #1)",Carlos Ruiz Zafón,"Zafón, Carlos Ruiz",Lucia Graves,"=""""","=""""",5,4.30,Penguin Books,Paperback,487,2005,2001,2019/02/24,2019/02/24,2019,2019 (#1),read,,,,1,0
608474,"The Sign of Four (Sherlock Holmes, #2)",Arthur Conan Doyle,"Doyle, Arthur Conan",Peter Ackroyd,"=""""","=""""",5,3.89,Penguin Books,Paperback,129,2001,1890,,2018/10/05,,,read,,,,1,0
10374,Hard-Boiled Wonderland and the End of the World,Haruki Murakami,"Murakami, Haruki",Alfred Birnbaum,"=""""","=""""",4,4.12,Vintage,Paperback,400,2003,1985,,2018/10/05,,,read,,,,1,0
2,"Harry Potter and the Order of the Phoenix (Harry Potter, #5)",J.K. Rowling,"Rowling, J.K.",Mary GrandPré,"=""""","=""""",3,4.50,Scholastic Inc.,Paperback,912,2004,2003,,2018/10/05,,,read,,,,1,0
1,"Harry Potter and the Half-Blood Prince (Harry Potter, #6)",J.K. Rowling,"Rowling, J.K.",,"=""""","=""""",5,4.58,Scholastic Inc,Paperback,652,2006,2005,,2018/10/05,,,read,,,,0,0
6,"Harry Potter and the Goblet of Fire (Harry Potter, #4)",J.K. Rowling,"Rowling, J.K.","Mary GrandPré, Jim Kay","=""""","=""""",5,4.57,Scholastic,Paperback,734,2002,2000,,2018/10/05,,,read,,,,1,0
15881,"Harry Potter and the Chamber of Secrets (Harry Potter, #2)",J.K. Rowling,"Rowling, J.K.",Mary GrandPré,"=""""","=""""",4,4.43,Arthur A. Levine Books,Hardcover,352,1999,1998,,2018/10/05,,,read,,,,1,0
136251,"Harry Potter and the Deathly Hallows (Harry Potter, #7)",J.K. Rowling,"Rowling, J.K.",,"=""""","=""""",5,4.62,Arthur A. Levine Books,Hardcover,759,2007,2007,,2018/10/05,,,read,,,,1,0
5,"Harry Potter and the Prisoner of Azkaban (Harry Potter, #3)",J.K. Rowling,"Rowling, J.K.",Mary GrandPré,"=""043965548X""","=""9780439655484""",5,4.58,Scholastic Inc.,Mass Market Paperback,435,2004,1999,,2018/10/05,,,read,,,,1,0
40856092,"Sé lo que estás pensando (Dave Gurney, #1)",John Verdon,"Verdon, John",Javier Guerrero,"=""8499186416""","=""9788499186412""",3,3.88,Roca Editorial,Paperback,432,2013,2010,,2018/10/05,,,read,,,,1,0
40603587,"The Last Wish (The Witcher, #0.5)",Andrzej Sapkowski,"Sapkowski, Andrzej",Danusia Stok,"=""""","=""""",5,4.13,Orbit,Kindle Edition,400,2008,1993,,2018/10/05,,,read,,,,1,0
13507752,Edén interrumpido,Carlos Sisí,"Sisí, Carlos",,"=""""","=""9788448005283""",4,3.76,Scyla eBooks,ebook,85,2012,,,2018/10/05,,,read,,,,1,0
7338901,"Los caminantes (Los caminantes, #1)",Carlos Sisí,"Sisí, Carlos",,"=""""","=""9788493599393""",3,3.85,Dolmen,Paperback,272,2009,2009,,2018/10/05,,,read,,,,1,0
10614,Misery,Stephen         King,"King, Stephen",,"=""0450417395""","=""9780450417399""",4,4.23,New English Library,Paperback,370,1988,1987,,2018/10/05,,,read,,,,1,0
4671,The Great Gatsby,F. Scott Fitzgerald,"Fitzgerald, F. Scott",,"=""""","=""""",5,3.93,Scribner,Paperback,180,1925,1925,,2018/10/05,,,read,,,,1,0
40961427,1984,George Orwell,"Orwell, George",,"=""""","=""""",5,4.19,Houghton Mifflin Harcourt,Kindle Edition,298,2013,1949,,2018/10/05,,,read,,,,1,0
3,"Harry Potter and the Sorcerer's Stone (Harry Potter, #1)",J.K. Rowling,"Rowling, J.K.",,"=""""","=""""",4,4.47,Scholastic Inc,Hardcover,309,2003,1997,,2018/10/05,,,read,,,,1,0
